,bot,bot_rank,user,user_rank,user_color,winner,outcome,ranked
24599387,katrain-6k,6.314332303006321,walies233,13.334523784932259,black,white,Resignation,False
24608849,katrain-weighted,2.009796406677733,jimmy.liu,3.9337081339276025,black,black,47.5 points,True
24605258,katrain-weighted,2.7635741381915544,ronyang87,14.525083317481645,black,black,103.5 points,False
24639781,katrain-6k,6.813807064189177,kprobert,8.0491044091523,black,white,Resignation,True
24593978,katrain-local,6.424850153820859,anil.zenginoglu,5.532694202507596,black,black,29.5 points,True
24615056,katrain-18k,21.51486915579947,RedCon,16.487679913479695,white,black,5.5 points,False
24617606,katrain-weighted,0.7408894511536914,hyunsan,6.992476868868639,black,black,14.5 points,False
24617940,katrain-weighted,0.7408894511536914,pairstravel,2.8395246142783,black,white,Resignation,True
24605299,katrain-6k,6.350236111610151,buttoXXX,8.150408781783508,black,white,22.5 points,False
24640255,katrain-10k,9.817814590306579,tukohan,10.76183770459285,white,black,17.5 points,True
24571191,katrain-10k,8.480182595434748,gergo14,7.974399701692725,black,white,0.5 points,False
24601755,katrain-2d,-3.939065898239832,virgilzhou,-0.4231180113700397,black,white,Resignation,True
24619182,katrain-10k,8.32312821656987,altlenny,7.427517631744081,black,white,Resignation,False
24600138,katrain-2d,-3.6101016627868177,argen1204,-4.390861286206999,white,white,20.5 points,True
24607659,katrain-14k,15.654005391336172,PlatosShave,15.148140229758338,black,white,Resignation,True
24609304,katrain-weighted,2.2655717164699,power66,5.506774122063792,black,white,51.5 points,True
24612481,katrain-18k,20.210019589088162,61bStudent,20.294714536847813,black,white,Resignation,False
24639449,katrain-2d,-3.0854639320217316,hero1988,5.870423362901711,black,black,72.5 points,True
24592442,katrain-local,8.292798940856741,iambenbenchen,9.178217232888255,white,white,30.5 points,False
24611881,katrain-weighted,2.7500675001711485,freebooterish,-2.288406738604017,white,black,Timeout,True
24612782,katrain-weighted,1.7642150106845662,127GBH,3.9856998953953457,black,white,Resignation,False
24615659,katrain-6k,6.284872330409499,bloodscar,12.308693575675889,white,black,Resignation,True
24594447,katrain-weighted,5.185054605895058,Fox go better,8.001040898343948,black,white,Resignation,True
24600996,katrain-2d,-3.427540263542859,argen1204,-5.024084118811892,white,black,53.5 points,True
24613091,katrain-weighted,0.8811590429901273,CalmTilt,3.2986765505437887,black,black,49.5 points,True
24603446,katrain-14k,14.055814355396283,LJgo,14.820678637011259,white,black,3.5 points,True
24592902,katrain-10k,10.24577974366441,jacobusvandermerwe,9.383277014787382,black,black,48.5 points,True
24614739,katrain-18k,21.51486915579947,RedCon,16.487679913479695,white,white,7.5 points,False
24570993,katrain-6k,6.4489389236391474,The Last Duck,7.138658299702044,white,white,84.5 points,True
24615592,katrain-10k,7.750762148826475,iambenbenchen,9.178217232888255,black,black,15.5 points,False
24616367,katrain-2d,-3.673213421336584,MynameAlex,5.4337984478558,white,black,Resignation,False
24610496,katrain-6k,6.483980450755439,pdubbs,7.980986861137101,black,white,Resignation,False
24608717,katrain-18k,19.47878155379695,FFBB,12.250498824814397,black,white,50.5 points,False
24599360,katrain-2d,-3.405351986704595,LJYT,-2.475804594561623,white,white,8.5 points,True
24638779,katrain-6k,6.775811044122754,herr,10.75014513948043,black,white,Resignation,True
24604980,katrain-2d,-3.7483940448909436,MynameAlex,5.4337984478558,black,white,Resignation,False
24605650,katrain-6k,6.350236111610151,Jeff Sessions,8.9760652501475,black,white,32.5 points,False
24600294,katrain-14k,14.211989865411592,CaPa,17.87054821443239,black,white,8.5 points,True
24617920,katrain-14k,14.634939777321213,salihgececi,18.00541650594047,white,black,Resignation,True
24598507,katrain-14k,14.77466260610543,Angustias,15.284027271120127,white,white,47.5 points,True
24592230,katrain-10k,9.477459966107638,Fenghuo,12.282160950789606,black,black,29.5 points,True
24612844,katrain-6k,6.400529359191502,walies233,13.334523784932259,black,white,13.5 points,False
24610671,katrain-6k,6.483980450755439,Sungress,10.699634317042634,black,white,Resignation,True
24614304,katrain-weighted,1.064448152649426,skw4240,3.725575512561207,black,white,Resignation,True
24600136,katrain-10k,10.85883446688095,heavenlyalchemy,6.306739441391159,white,black,50.5 points,True
24596995,katrain-18k,21.189205544506613,b3rax017,24.395661941988227,black,white,78.5 points,True
24610155,katrain-2k,0.12761940283480655,pejrayd,4.863454369365904,black,white,Resignation,False
24616978,katrain-10k,7.90330841655301,tukohan,9.101679391392107,black,white,44.5 points,True
24607484,katrain-2d,-4.030817608092157,argen1204,-4.317757562287412,white,white,34.5 points,True
24596277,katrain-10k,9.454760747392015,jacobusvandermerwe,10.125381942069431,black,white,Resignation,True
24616453,katrain-2d,-3.673213421336584,khhv,12.250498824814397,white,white,11.5 points,False
24612566,katrain-2k,-0.1739081163779801,a36636,3.4007898193999146,black,white,6.5 points,False
24591173,katrain-10k,8.482525837350334,jacobusvandermerwe,10.470297897696021,black,black,2.5 points,True
24616877,katrain-10k,7.90330841655301,voidi,12.250498824814397,black,white,9.5 points,False
24610275,katrain-6k,6.483980450755439,pdubbs,7.980986861137101,black,white,Resignation,False
24599626,katrain-2k,-1.4861061430832123,chocobanana,5.32450076599811,black,white,Resignation,True
24614792,katrain-18k,21.51486915579947,kogarasu,18.39303179067489,black,white,Resignation,True
24608057,katrain-18k,19.778225250434446,BZSolarDot,26.897223832379215,black,white,179.5 points,True
24618602,katrain-10k,7.52495192959903,IIykep,14.42910494567709,white,black,175.5 points,False
24615561,katrain-10k,7.750762148826475,atgg33,12.250498824814397,white,black,Resignation,False
24591295,katrain-10k,8.746601979072764,jacobusvandermerwe,9.996694413885294,black,black,37.5 points,True
24603273,katrain-14k,13.602756465976743,panklik,13.485422727404444,white,white,26.5 points,True
24591002,katrain-6k,7.246585811079957,SoylentGreen,7.878297356541445,black,black,14.5 points,False
24605269,katrain-2d,-3.7660068135962206,argen1204,-4.791165893396993,white,black,16.5 points,True
24600183,katrain-18k,18.967828889178207,Rudolf L,23.370576535346945,black,black,83.5 points,True
24612561,katrain-18k,20.210019589088162,kogarasu,18.178668206264028,black,white,Resignation,True
24601016,katrain-2d,-3.5345210488890118,virgilzhou,-0.5523081815704067,black,white,Resignation,True
24609549,katrain-10k,9.146779436165037,anil.zenginoglu,6.067059221690936,white,black,Resignation,True
24601910,katrain-2d,-4.034594836010584,virgilzhou,-0.3816626935509433,black,white,16.5 points,True
24608472,katrain-10k,9.73849342635932,Gogo082015,14.254544736838385,black,white,68.5 points,False
24602035,katrain-18k,19.73588023298776,ophelia-ophelia,21.26633401475374,black,white,22.5 points,True
24618364,katrain-14k,14.782432159073034,kiđđâ-olmooš,16.153868346793995,black,black,63.5 points,True
24606947,katrain-weighted,2.9411790747439,peiyongz,-1.7339413182723113,white,black,Timeout,True
24595272,katrain-6k,6.3794304105162425,cslee8064,5.895549954736978,black,black,43.5 points,True
24611575,katrain-18k,20.210019589088162,woqja15,4.236643804181121,black,black,148.5 points,False
24591045,katrain-local,9.649772449570854,Fenghuo,11.147630763505394,black,white,46.5 points,True
24600633,katrain-2d,-3.642063409847175,virgilzhou,-0.7880877911924529,black,white,48.5 points,True
24605660,katrain-weighted,2.467093883015039,Peter Han,-4.49110207607265,white,black,Timeout,True
24597439,katrain-18k,20.23479200886566,ophelia-ophelia,19.937352408020736,white,black,69.5 points,True
24606123,katrain-weighted,2.467093883015039,ronyang87,14.525083317481645,white,white,104.5 points,False
24602835,katrain-2k,-1.1897220115211198,lltspt,1.3063962136639056,black,black,15.5 points,True
24602110,katrain-weighted,3.755343658587517,notjustmail,12.250498824814397,white,black,Resignation,False
24598406,katrain-18k,18.70428999074077,Frizzolini,26.098291909865214,black,white,Timeout,True
24614579,katrain-18k,21.830553773669713,RedCon,16.487679913479695,white,black,Resignation,False
24607636,katrain-weighted,2.62066846970038,peiyongz,-1.9938493761066844,white,white,10.5 points,True
24594386,katrain-14k,14.183971011934549,Light1_110,16.48923628489326,white,white,46.5 points,True
24617885,katrain-weighted,0.7408894511536914,hyunsan,6.992476868868639,black,black,7.5 points,False
24606646,katrain-weighted,2.964021951262403,Jaafar,5.82629463155569,black,white,Resignation,True
24612642,katrain-18k,20.210019589088162,ophelia-ophelia,21.827735300389726,black,black,3.5 points,True
24611409,katrain-2k,-0.013453682442019499,pejrayd,4.863454369365904,black,black,29.5 points,False
24596559,katrain-weighted,4.756585430052031,Cornfed4,5.1573227419381915,black,white,19.5 points,True
24592959,katrain-6k,7.0526157983642435,dooddi999,20.090844052207853,black,white,14.5 points,False
24611767,katrain-6k,6.048731140837635,walies233,13.334523784932259,black,white,Resignation,False
24596670,katrain-10k,9.517143176896617,Sean99,6.073625874195084,white,white,120.5 points,False
24591724,katrain-18k,20.168121451785723,ophelia-ophelia,18.853184249275934,white,white,4.5 points,True
24617892,katrain-weighted,0.7408894511536914,a36636,3.4007898193999146,black,white,4.5 points,False
24599794,katrain-2k,-1.5584384287190183,chocobanana,5.492298082545027,black,white,24.5 points,True
24640018,katrain-10k,9.025081884036446,Colin_Randall,9.888722192571436,white,white,36.5 points,True
24595515,katrain-local,6.644206266202509,dlpigozzi,8.938451773704461,white,black,Resignation,True
24618604,katrain-14k,15.199088492322693,Möhring,12.250498824814397,black,white,Timeout,False
24616979,katrain-14k,14.096920713046417,ophelia-ophelia,19.548293359770526,black,black,1.5 points,True
24593912,katrain-14k,14.385623882331089,Light1_110,16.194537337763773,black,white,64.5 points,True
24618290,katrain-6k,7.158628366347376,voidi,12.250498824814397,white,white,52.5 points,False
24603029,katrain-18k,20.22827306741165,snettik,23.142044661705974,black,white,28.5 points,False
24611311,katrain-6k,6.376333992895997,pdubbs,7.980986861137101,black,white,Resignation,False
24610679,katrain-18k,20.61746890415982,Staniczek,12.250498824814397,black,white,201.5 points,False
24608571,katrain-local,6.233310158520602,anil.zenginoglu,6.461201129384694,black,white,Resignation,True
24617363,katrain-10k,8.051265727575839,cslee8064,6.168010093754294,white,white,125.5 points,True
24599334,katrain-18k,19.697312709483057,alexchanchiman,16.46798183867014,black,black,53.5 points,False
24596328,katrain-10k,9.454760747392015,Sean99,6.073625874195084,white,white,106.5 points,False
24616624,katrain-18k,21.109169885877634,AJGibson,21.98339298734419,black,white,Resignation,True
24609173,katrain-local,6.013786672079412,anil.zenginoglu,6.599984832116398,white,white,50.5 points,True
24640045,katrain-6k,6.576054245050063,kprobert,8.291294641434373,black,white,10.5 points,True
24642528,katrain-6k,5.307339357648921,moimême,3.7080852199339454,white,black,25.5 points,True
24602340,katrain-18k,18.962460370750392,monkmachinas,13.334134463988722,white,white,62.5 points,False
24618507,katrain-14k,14.782432159073034,alasala,10.731985838516994,white,black,17.5 points,False
24608345,katrain-10k,9.73849342635932,iambenbenchen,9.178217232888255,black,black,65.5 points,False
24603031,katrain-2d,-4.109638644009742,argen1204,-4.435105281326635,white,white,24.5 points,True
24609456,katrain-weighted,2.0958072166011625,power66,5.62350568180015,black,white,17.5 points,True
24618650,katrain-weighted,0.9546584769007929,윤재선,12.250498824814397,white,white,9.5 points,False
24640684,katrain-10k,9.22286072402575,krupuk,9.495107760394148,black,white,Resignation,True
24614065,katrain-18k,21.09498848244774,BZSolarDot,28.879855968212357,white,white,4.5 points,True
24613782,katrain-10k,8.505265134140828,jacobusvandermerwe,9.823756910253714,black,white,Resignation,True
24616948,katrain-10k,7.90330841655301,Fenghuo,12.038840367608518,black,white,17.5 points,True
24607217,katrain-2k,-0.6903331435589486,정수도령,-0.9638388532343072,white,white,24.5 points,True
24615463,katrain-10k,8.35069357511427,kprobert,6.960898416455443,white,black,Resignation,True
24608665,katrain-10k,9.73849342635932,iambenbenchen,9.178217232888255,black,black,80.5 points,False
24570986,katrain-10k,8.480182595434748,dlpigozzi,9.173204566079143,white,white,40.5 points,True
24597191,katrain-local,6.110671101787972,shashwat,8.078975317878292,black,white,Resignation,False
24598034,katrain-weighted,4.721970205628796,anil.zenginoglu,5.988965848591498,black,white,97.5 points,True
24597392,katrain-14k,14.676457458767524,Light1_110,14.970793127266774,black,white,8.5 points,True
24594487,katrain-10k,8.741404017639493,tom401058148,9.561114486440498,black,white,Resignation,False
24599754,katrain-10k,10.053744480295606,tukohan,10.795625915538679,black,black,51.5 points,True
24591030,katrain-18k,19.641588985687783,kisnoo,12.250498824814397,white,black,Timeout,True
24641194,katrain-2d,-2.8340954768550617,ImuSuji,-3.094395137008391,white,black,1.5 points,False
24596692,katrain-10k,9.792472922039885,jacobusvandermerwe,9.784559151074703,black,white,37.5 points,True
24604472,katrain-14k,13.087585264334074,LJgo,14.669953230112196,white,white,7.5 points,True
24608680,katrain-10k,9.73849342635932,곽철용,10.680377389678831,white,black,Resignation,True
24604736,katrain-weighted,2.8175881476853597,davidlooogan,7.565769672873426,black,white,6.5 points,True
24599480,katrain-10k,10.07704571940728,dlpigozzi,10.576330095008132,white,white,37.5 points,True
24615701,katrain-14k,13.883006969305114,Light1_110,14.822599239710655,white,white,52.5 points,True
24641303,katrain-6k,6.128851164465303,cslee8064,3.6564333500029385,white,white,33.5 points,True
24600719,katrain-2k,-1.1897220115211198,redrage2020,12.250498824814397,white,black,34.5 points,False
24618101,katrain-14k,14.364244894975604,salihgececi,19.95359973851838,black,white,6.5 points,True
24616137,katrain-2d,-3.673213421336584,MynameAlex,5.4337984478558,white,black,Resignation,False
24611406,katrain-weighted,2.0210952464372802,stw2136,-3.7028841483259,white,white,91.5 points,False
24593027,katrain-6k,6.938458026211677,dlpigozzi,9.225614748836147,black,white,102.5 points,True
24611935,katrain-weighted,2.7500675001711485,peiyongz,-1.5999110744102296,white,white,68.5 points,True
24602010,katrain-10k,9.666806683834192,Byrdy,9.635239651693297,black,black,105.5 points,True
24591181,katrain-10k,8.482525837350334,Colin_Randall,9.734440498016124,white,white,72.5 points,True
24611020,katrain-6k,6.376333992895997,miattljwya,9.61146252985619,black,black,60.5 points,False
24616951,katrain-weighted,0.8508193665141626,Jaafar,5.986566665218636,black,white,4.5 points,True
24608618,katrain-weighted,2.16359423748246,rkorea1004,3.9741155687859084,black,white,2.5 points,True
24609691,katrain-18k,20.042607068894966,Light1_110,16.149213900224012,white,white,28.5 points,True
24602715,katrain-10k,9.312215136033991,mi94712,7.469060520331272,white,black,21.5 points,False
24600438,katrain-18k,19.51827044513535,Rudolf L,21.98878871101287,black,white,16.5 points,True
24606879,katrain-18k,19.8698597909604,BZSolarDot,25.349296176185625,white,black,Resignation,True
24598956,katrain-10k,9.485335767023088,klp335,7.427174408557022,white,white,210.5 points,True
24598698,katrain-2d,-3.42995369396764,LJYT,-2.245619419437645,white,white,10.5 points,True
24616127,katrain-local,6.046078407791597,m821056531060,9.87043619434294,black,white,Resignation,True
24598694,katrain-14k,14.77466260610543,panklik,12.78291844055045,white,black,19.5 points,True
24599671,katrain-2k,-1.499860143366849,chocobanana,5.3679090436348496,black,white,Resignation,True
24618100,katrain-weighted,1.025594568629522,hyunsan,6.992476868868639,black,white,6.5 points,False
24591581,katrain-10k,8.895667557545313,jacobusvandermerwe,9.961874686270804,black,black,46.5 points,True
24600372,katrain-2d,-3.7242687236294287,virgilzhou,-0.9217378875782529,black,white,46.5 points,True
24609444,katrain-2k,0.12761940283480655,pejrayd,4.863454369365904,black,white,Resignation,False
24611749,katrain-local,6.429648341699675,Derrabe,7.906891789339927,black,white,Resignation,False
24641839,katrain-18k,20.68919102236416,alasala,10.731985838516994,white,black,Resignation,False
24607984,katrain-10k,9.73849342635932,mi94712,7.469060520331272,white,white,56.5 points,False
24596654,katrain-local,6.110671101787972,shashwat,8.078975317878292,black,white,26.5 points,False
24612524,katrain-weighted,2.0513615054312453,pablo.tezkatl,7.994925058083815,black,white,Resignation,True
24594913,katrain-weighted,5.153989089124252,GoNono,10.56546557076907,black,black,39.5 points,True
24602144,katrain-2d,-4.034594836010584,LJYT,-2.882878246993897,white,white,4.5 points,True
24615502,katrain-14k,13.457989874327744,Light1_110,15.38871964526567,black,black,2.5 points,True
24595196,katrain-6k,6.896955082622249,walies233,13.334523784932259,black,white,18.5 points,False
24600115,katrain-2d,-3.6101016627868177,virgilzhou,-1.0225728422053493,black,white,12.5 points,True
24614987,katrain-14k,13.695911001628154,kakuna17,17.42760766747242,black,black,5.5 points,False
24613262,katrain-weighted,0.7651088458970285,CalmTilt,2.631747851810111,black,black,214.5 points,True
24592202,katrain-local,8.93954491288956,tukohan,10.640326717426717,black,white,Timeout,True
24616799,katrain-18k,21.10517049568476,Silva Yu,25.571736415148365,black,black,87.5 points,True
24616105,katrain-local,6.15515813396118,Derrabe,7.906891789339927,black,white,Resignation,False
24593942,katrain-weighted,5.35653444739286,TimPeach,8.866491033923989,black,white,Resignation,False
24603278,katrain-14k,13.292283141666939,LJgo,15.153691160613661,white,white,50.5 points,True
24610516,katrain-18k,20.61746890415982,Marcuspoon,12.250498824814397,black,white,77.5 points,False
24617430,katrain-18k,22.52395573984696,Light1_110,15.466395341945924,white,white,52.5 points,True
24603266,katrain-weighted,3.228052118714391,yjohn,20.045165885581746,white,white,50.5 points,False
24604487,katrain-18k,19.8698597909604,aysetugan97,18.92937726595789,white,black,38.5 points,False
24591799,katrain-18k,20.46605626510243,ophelia-ophelia,18.45025596863026,white,white,70.5 points,True
24591059,katrain-18k,19.641588985687783,ophelia-ophelia,19.625235256927397,black,black,96.5 points,True
24640913,katrain-6k,6.542086128290862,cslee8064,3.1445791718560976,white,black,7.5 points,True
24601506,katrain-18k,19.945114192475714,bronzson,28.001807877825506,black,white,Resignation,True
24611506,katrain-2k,-0.013453682442019499,a36636,3.4007898193999146,black,white,Resignation,False
24612154,katrain-6k,6.048731140837635,walies233,13.334523784932259,black,white,Resignation,False
24611416,katrain-weighted,2.0210952464372802,CalmTilt,3.760142526481534,black,black,87.5 points,True
24608812,katrain-2d,-3.820444624337071,argen1204,-4.572926372525288,white,white,78.5 points,True
24594955,katrain-local,6.644206266202509,shashwat,8.078975317878292,black,white,Resignation,False
24613379,katrain-18k,20.137446265837664,lalalwj,12.250498824814397,white,black,Timeout,False
24596359,katrain-10k,9.20875381652063,jacobusvandermerwe,10.229336182084229,black,black,107.5 points,True
24610220,katrain-14k,13.599666829953417,Light1_110,15.817061065616816,black,black,19.5 points,True
24597706,katrain-local,6.110671101787972,shashwat,8.078975317878292,black,white,4.5 points,False
24609568,katrain-weighted,1.697088987111627,skw4240,3.10303293893951,black,white,Resignation,True
24598162,katrain-strong,-5.141241560055406,Ko0795,6.693578268807727,white,black,Resignation,False
24616467,katrain-2k,-0.27509158727082195,신세계,-0.8672433487449176,black,black,74.5 points,True
24609591,katrain-14k,13.951997687282415,Light1_110,15.968699069425316,black,white,45.5 points,True
24614684,katrain-10k,8.377702048431932,atgg33,12.250498824814397,white,black,Resignation,False
24604326,katrain-weighted,3.228052118714391,Chringel,3.2775615812213132,white,black,Resignation,True
24601697,katrain-10k,9.666806683834192,mi94712,7.469060520331272,white,black,85.5 points,False
24614426,katrain-18k,21.830553773669713,ksy421,18.973078800597555,black,white,41 points,False
24570841,katrain-weighted,5.989384375080039,Jaafar,6.745834162876633,white,black,Resignation,True
24607646,katrain-10k,9.73849342635932,mi94712,7.469060520331272,white,white,8.5 points,False
24607527,katrain-10k,9.73849342635932,mi94712,7.469060520331272,white,white,24.5 points,False
24592437,katrain-14k,13.83622617112583,Light1_110,16.605513307547497,black,black,43.5 points,True
24640061,katrain-10k,9.310574653535404,tukohan,11.127129006397716,black,black,85.5 points,True
24607709,katrain-18k,18.907269896325733,BZSolarDot,26.996071924982072,white,white,12.5 points,True
24592170,katrain-2k,-1.7789434695400494,신세계,-1.20228476031755,black,black,46.5 points,True
24617687,katrain-6k,6.8016929475659715,HaoHua,8.824321422606502,black,black,9.5 points,True
24612732,katrain-weighted,2.122131255795189,CalmTilt,2.6869014586304907,black,white,6.5 points,True
24612766,katrain-weighted,1.7642150106845662,peiyongz,-0.9700167832504114,white,white,142.5 points,True
24611589,katrain-weighted,2.286284354362749,CalmTilt,2.927793704343312,black,black,129.5 points,True
24600263,katrain-weighted,3.729921542002959,HowFar,4.57448467329213,white,black,Resignation,True
24617834,katrain-weighted,0.7408894511536914,moimême,2.6936863799622017,black,black,123.5 points,True
24603231,katrain-18k,20.228344140000143,snettik,23.142044661705974,black,white,42.5 points,False
24597650,katrain-14k,14.300603164707859,Light1_110,15.495235220067633,black,black,25.5 points,True
24612172,katrain-14k,14.535567731405735,CaPa,18.334028618533537,black,white,18.5 points,True
24597355,katrain-weighted,4.721970205628796,a2d5f5dd5c854226,10.785581701559405,black,white,Timeout,False
24619070,katrain-18k,22.714843609506083,AJGibson,22.050079886534927,black,white,32.5 points,True
24610998,katrain-6k,6.376333992895997,pdubbs,7.980986861137101,black,black,25.5 points,False
24610530,katrain-18k,20.61746890415982,cn0401,12.250498824814397,black,white,Resignation,False
24594078,katrain-14k,14.024061723971892,Light1_110,16.821895240241375,white,white,27.5 points,True
24612537,katrain-weighted,2.4423051662018764,Madman7,3.338611575420625,black,white,Resignation,False
24607763,katrain-weighted,2.689833381878252,Peter Han,-4.49110207607265,white,black,Timeout,True
24642419,katrain-6k,5.630973783131971,moimême,3.475274339559572,white,black,18.5 points,True
24604523,katrain-10k,9.842868951184673,shusaku,11.59742910662737,black,white,6.5 points,True
24604049,katrain-10k,9.312215136033991,shusaku,12.1003634878568,black,black,45.5 points,True
24570938,katrain-6k,6.393359947654073,MiguelAngelAntolnez,3.6259674191060114,white,white,52.5 points,True
24594220,katrain-10k,9.094051312149166,krupuk,9.134154058142116,black,white,Resignation,True
24612277,katrain-weighted,1.7860603858161355,peiyongz,-1.3470890752848632,white,white,106.5 points,True
24608674,katrain-18k,19.47878155379695,bakogo,20.267368232282664,black,black,151.5 points,True
24611618,katrain-6k,6.1995094466565455,walies233,13.334523784932259,black,white,Resignation,False
24597678,katrain-weighted,4.721970205628796,alkey,14.418322107304174,black,white,27.5 points,False
24611024,katrain-18k,20.422718237005338,s171189,13.120880699348703,black,white,Timeout,True
24618436,katrain-18k,22.714843609506083,KKkanbolat,14.968047513147864,white,white,19.5 points,False
24612535,katrain-10k,7.926320999145254,Alberto Fernandez,12.224370731932808,black,white,24.5 points,True
24609037,katrain-18k,19.47878155379695,cantsee,17.669536595063274,white,black,Resignation,False
24610731,katrain-10k,8.621665317407274,kprobert,5.5884159872424135,white,white,10.5 points,True
24610846,katrain-6k,6.483980450755439,pdubbs,7.980986861137101,black,white,20.5 points,False
24598483,katrain-weighted,3.9196979883439695,jalnanee,2.308856014681435,black,white,10.5 points,True
24593596,katrain-10k,9.93416789822411,krupuk,8.927480345490377,white,black,Resignation,True
24594311,katrain-2k,-1.3402783994693444,alor,-0.6377435115414087,black,white,18.5 points,True
24598177,katrain-18k,18.70428999074077,FabianMinimal,18.53611574483262,white,white,26.5 points,True
24610442,katrain-18k,20.61746890415982,Jack Wong,12.044018300855363,white,black,Timeout,True
24612866,katrain-14k,14.306600912892433,eisya,10.335044537961949,white,black,45.5 points,True
24603421,katrain-14k,13.688250464092011,panklik,12.882170401142808,white,black,61.5 points,True
24610562,katrain-18k,20.61746890415982,余文霜,12.250498824814397,white,black,23.5 points,False
24613636,katrain-weighted,0.5694374926780768,skw4240,3.5605994985913156,black,white,Resignation,True
24615841,katrain-10k,7.882353982662664,atgg33,12.250498824814397,white,black,25.5 points,False
24596774,katrain-weighted,4.756585430052031,ladbrokes,9.445580383650228,black,white,Resignation,True
24593918,katrain-local,6.820950824497508,anil.zenginoglu,5.381759392204938,white,black,Resignation,True
24617565,katrain-14k,14.562457904828204,Light1_110,15.302537134328004,white,white,20.5 points,True
24638955,katrain-2d,-3.3175841705323137,acezzz,-0.7615737144737871,black,black,31.5 points,True
24609427,katrain-2d,-3.9567116794676664,LilaTheGoPlayer,-2.857079521191018,black,black,48.5 points,True
24615096,katrain-10k,8.35069357511427,atgg33,12.250498824814397,black,white,Resignation,False
24603528,katrain-6k,6.350236111610151,lch8892,11.522951318448936,black,white,Resignation,False
24614511,katrain-2k,-0.1739081163779801,a36636,3.4007898193999146,black,black,44.5 points,False
24611044,katrain-18k,20.422718237005338,BZSolarDot,28.761947656601528,white,black,136.5 points,True
24614763,katrain-2k,-0.1739081163779801,a36636,3.4007898193999146,black,black,7.5 points,False
24592173,katrain-local,8.93954491288956,iambenbenchen,9.178217232888255,white,white,48.5 points,False
24593198,katrain-2d,-3.3235242667182803,河英一,-7.1485917522812485,white,black,Resignation,False
24640172,katrain-18k,21.535212765288776,nelix904,25.103599636995447,black,white,38.5 points,True
24607028,katrain-18k,19.566494947084884,BZSolarDot,26.028884556548128,white,black,135.5 points,True
24605177,katrain-weighted,2.7635741381915544,Peter Han,-4.49110207607265,white,black,Timeout,True
24642570,katrain-6k,5.307339357648921,judeau02,9.910123576549424,white,black,Resignation,True
24640358,katrain-10k,10.1906652081876,GoNono,9.986468920885784,black,white,74.5 points,True
24603372,katrain-18k,20.228344140000143,snettik,23.142044661705974,black,black,9.5 points,False
24597767,katrain-18k,19.054648774029012,ophelia-ophelia,20.592287153634096,black,white,36.5 points,True
24604109,katrain-14k,13.343720195846814,happyguyme,15.647454223284033,white,black,Resignation,True
24615031,katrain-weighted,0.6397279008209793,hyunsan,6.992476868868639,black,white,0.5 points,False
24611543,katrain-6k,6.376333992895997,pdubbs,7.980986861137101,black,white,6.5 points,False
24607802,katrain-14k,15.277323328118458,PlatosShave,16.337309191697358,black,white,Resignation,True
24611897,katrain-14k,14.032765447124751,MrPotatoFoot,16.94444784372164,black,black,5.5 points,True
24612264,katrain-weighted,2.262481337230774,pablo.tezkatl,7.949962028778611,black,white,Resignation,True
24593620,katrain-2d,-3.3235242667182803,河英一,-7.1485917522812485,white,black,Resignation,False
24618849,katrain-14k,15.199088492322693,alasala,10.731985838516994,white,black,45.5 points,False
24605279,katrain-weighted,2.7635741381915544,hyunsan,6.992476868868639,black,white,Resignation,False
24603522,katrain-14k,13.621906240803366,panklik,13.439866020154518,white,black,Resignation,True
24618190,katrain-10k,7.248655543144885,woqja15,4.236643804181121,white,white,49.5 points,False
24612312,katrain-weighted,1.7860603858161355,Madman7,3.338611575420625,black,white,Resignation,False
24616403,katrain-2d,-3.673213421336584,argen1204,-4.395994277129532,black,black,93.5 points,True
24596779,katrain-14k,14.243783922710326,Light1_110,15.601513141202256,white,black,65.5 points,True
24609986,katrain-2k,0.12761940283480655,jbuddha,10.651572786430172,black,white,Resignation,False
24618882,katrain-2k,-0.0495537330473077,kritketsava,6.0083594993153575,black,black,74.5 points,False
24612179,katrain-weighted,2.262481337230774,rkorea1004,3.0477487121050153,black,black,147.5 points,True
24599499,katrain-14k,14.182670226226426,Happy20200,10.962984991305714,white,black,Timeout,True
24595809,katrain-2d,-3.3235242667182803,argen1204,-3.9977750153819045,black,white,2.5 points,True
24600499,katrain-weighted,3.51472486849298,温凉3150,3.1032270738130485,white,white,44.5 points,True
24613447,katrain-weighted,0.7933963959538239,CalmTilt,1.9990647878730776,black,white,Resignation,True
24611611,katrain-6k,6.1995094466565455,shuochenhuang93,8.030173952371726,black,white,18.5 points,True
24615750,katrain-10k,7.882353982662664,tukohan,9.429047356683249,black,black,7.5 points,True
24640845,katrain-10k,8.93312868285641,krupuk,9.78683022455212,black,black,4.5 points,True
24596642,katrain-2k,-1.9122864370867667,Natsumi Fujita,1.7505439832849454,black,white,21.5 points,True
24612382,katrain-weighted,2.1615351944666124,Madman7,3.338611575420625,black,white,Resignation,False
24614970,katrain-10k,8.35069357511427,atgg33,12.250498824814397,black,white,Resignation,False
24604226,katrain-14k,13.343720195846814,LJgo,14.819309374164,white,white,27.5 points,True
24594842,katrain-18k,21.15982394133125,hypophis,18.419594634883545,white,white,154.5 points,True
24600561,katrain-18k,19.51827044513535,Freudirfin,17.91227635976167,black,white,52.5 points,True
24614186,katrain-6k,6.400529359191502,walies233,13.334523784932259,black,white,13.5 points,False
24604321,katrain-18k,19.521486232240193,Rudolf L,23.106301052468243,black,black,17.5 points,True
24605974,katrain-local,6.283338033645176,Chringel,3.2792028280631698,white,black,11.5 points,True
24613006,katrain-weighted,1.2422581086535978,moimême,3.2860959504220126,black,black,114.5 points,True
24604664,katrain-weighted,2.8784526416030367,davidlooogan,7.449768237100095,black,white,Resignation,True
24608743,katrain-10k,9.73849342635932,Gogo082015,14.254544736838385,black,white,64.5 points,False
24600847,katrain-2d,-3.5816047780573115,virgilzhou,-0.6641513726245023,black,white,10.5 points,True
24604071,katrain-18k,19.51522696090435,Rudolf L,23.54708049053001,black,white,8.5 points,True
24639578,katrain-10k,8.21468214432354,IIykep,14.787680164725762,white,white,30.5 points,False
24612901,katrain-weighted,1.534689401970013,CalmTilt,2.9188488904575216,black,white,4.5 points,True
24611960,katrain-2k,-0.013453682442019499,K.H.,2.2297704624544963,black,white,Resignation,True
24597317,katrain-18k,20.88768030245935,ophelia-ophelia,19.518273206454566,white,black,17.5 points,True
24639392,katrain-10k,8.21468214432354,jacobusvandermerwe,9.383241348233774,black,black,97.5 points,True
24640400,katrain-10k,10.1906652081876,krupuk,9.294399469808212,black,white,Resignation,True
24593975,katrain-10k,9.271708206128064,krupuk,8.894170453687586,black,white,Resignation,True
24608211,katrain-18k,19.404692128658155,Francisco Rodriguez,18.006153157432657,white,white,6.5 points,True
24640587,katrain-10k,9.547987953300186,GoNono,10.33054726929613,black,white,Timeout,True
24617144,katrain-6k,6.8016929475659715,Derrabe,7.906891789339927,black,white,16.5 points,False
24598847,katrain-14k,14.497747362395867,panklik,13.346054477500399,white,white,72.5 points,True
24598959,katrain-18k,19.697312709483057,martianswaraj,22.037837432132186,white,black,Resignation,False
24597299,katrain-18k,20.88768030245935,b3rax017,24.434567360204046,white,black,17.5 points,True
24611009,katrain-2k,0.030770524078921113,alasoft,6.888714911761372,black,white,15.5 points,True
24591979,katrain-weighted,5.670997150805967,tommylsk72,6.289777267412859,black,white,Resignation,True
24606809,katrain-14k,15.319930931159067,PlatosShave,15.633734285578166,black,black,69.5 points,True
24604025,katrain-18k,19.744346494420835,aysetugan97,18.92937726595789,white,black,54.5 points,False
24614487,katrain-18k,21.830553773669713,Chanuth Jeenavanich,25.020810811707804,white,black,73.5 points,True
24596831,katrain-weighted,4.326593531115584,Jaafar,6.3048505734910805,black,black,83.5 points,True
24612653,katrain-weighted,2.350657627847845,웅진바둑,12.250498824814397,black,white,Resignation,False
24604336,katrain-14k,13.449603696534407,LJgo,14.26643315036324,white,black,31.5 points,True
24593194,katrain-10k,10.142418955861682,jacobusvandermerwe,9.638180574098815,black,white,Resignation,True
24608752,katrain-weighted,2.009796406677733,rkorea1004,4.173563552181168,black,black,184.5 points,True
24598988,katrain-14k,14.742648176101554,panklik,12.96624971099606,white,black,Resignation,True
24608816,katrain-10k,9.411372394946362,곽철용,10.957020095770922,black,white,Resignation,True
24611975,katrain-6k,6.048731140837635,walies233,13.334523784932259,black,white,Resignation,False
24611704,katrain-2k,-0.013453682442019499,a36636,3.4007898193999146,black,white,21.5 points,False
24616671,katrain-weighted,0.33655430456823865,prettman,4.181377490170501,black,white,Resignation,True
24594557,katrain-10k,8.741404017639493,tom401058148,9.561114486440498,black,black,15.5 points,False
24592164,katrain-weighted,5.280671594378493,tommylsk72,6.9498316154639745,black,black,35.5 points,True
24592800,katrain-2d,-3.3235242667182803,河英一,-7.1485917522812485,white,black,Resignation,False
24641278,katrain-18k,20.68919102236416,KKkanbolat,15.882260549123899,white,white,52 points,False
24612563,katrain-6k,6.048731140837635,Sungress,10.137207264914625,black,black,41.5 points,True
24616158,katrain-2d,-3.673213421336584,khhv,12.250498824814397,black,white,43.5 points,False
24613737,katrain-weighted,0.8728533038712989,CalmTilt,1.7816694284225392,white,white,38.5 points,True
24600686,katrain-2d,-3.4668787216366255,argen1204,-4.832686694509128,white,white,54.5 points,True
24639611,katrain-14k,15.199088492322693,quknon,13.649747670246551,black,black,30.5 points,False
24599860,katrain-2d,-3.4959717706442888,virgilzhou,-1.14432874471143,black,white,16.5 points,True
24613981,katrain-2d,-3.606590361618416,higcdde,5.228313244090796,black,white,Resignation,True
24615402,katrain-18k,20.981278628314293,RedCon,16.487679913479695,white,black,24.5 points,False
24639777,katrain-10k,8.524693739602327,jacobusvandermerwe,9.00281023683996,black,black,69.5 points,True
24611300,katrain-14k,14.561203017734806,Light1_110,14.67225372074098,black,white,64.5 points,True
24618243,katrain-2d,-3.3175841705323137,khhv,12.250498824814397,black,white,19.5 points,False
24612232,katrain-weighted,2.262481337230774,stw2136,-3.7028841483259,white,white,159.5 points,False
24593835,katrain-weighted,5.35653444739286,TimPeach,8.866491033923989,black,white,11.5 points,False
24598467,katrain-2d,-3.42995369396764,virgilzhou,-1.8983952508398296,black,black,31.5 points,True
24615403,katrain-2k,-0.1739081163779801,a36636,3.4007898193999146,black,white,Resignation,False
24602862,katrain-18k,19.643952178489563,snettik,23.142044661705974,black,white,13.5 points,False
24618824,katrain-14k,15.199088492322693,alasala,10.731985838516994,white,black,Timeout,False
24598566,katrain-14k,14.77466260610543,scorday,9.139629182953527,black,white,Resignation,False
24607464,katrain-weighted,2.550351685247069,Jaafar,5.936390962623012,black,white,0.5 points,True
24603961,katrain-18k,19.744346494420835,Rudolf L,23.205910375558243,black,white,27.5 points,True
24607951,katrain-10k,9.73849342635932,iambenbenchen,9.178217232888255,black,white,Resignation,False
24605855,katrain-2k,-0.8672591380205326,TexHan,-0.9223317663643797,black,black,61.5 points,True
24593308,katrain-18k,20.98694000185464,林承睿,16.430671448565985,black,black,13 points,False
24608322,katrain-weighted,2.0719613372998467,peiyongz,-1.5367931236165973,white,white,48.5 points,True
24599203,katrain-2k,-1.5473580052937486,brian kim,1.2527968254861648,white,black,Timeout,False
24597012,katrain-2k,-1.9122864370867667,네집은내집,12.250498824814397,white,black,7.5 points,False
24612931,katrain-10k,7.802595381482071,bloodscar,12.204621311778943,black,black,44.5 points,False
24596562,katrain-weighted,4.756585430052031,MiguelAngelAntolnez,2.00339282325071,white,white,51.5 points,True
24593064,katrain-10k,10.495471790815124,jacobusvandermerwe,9.248740567690962,black,white,61.5 points,True
24614151,katrain-10k,7.9053695398546076,jacobusvandermerwe,10.301441112585746,black,white,Timeout,True
24618925,katrain-14k,15.199088492322693,alasala,10.731985838516994,white,black,17.5 points,False
24599345,katrain-10k,9.784335639280993,Lagrangian,11.8073737648238,black,white,2.5 points,True
24603812,katrain-18k,20.015456517686307,Rudolf L,22.9272456868678,black,white,63.5 points,True
24615208,katrain-local,6.429648341699675,m821056531060,11.352565183764721,black,white,20.5 points,True
24604882,katrain-6k,6.350236111610151,buttoXXX,8.150408781783508,black,white,Resignation,False
24617458,katrain-14k,14.562457904828204,mastofpu,19.346576421659805,black,white,Resignation,False
24613556,katrain-weighted,0.5694374926780768,CalmTilt,2.3918057842867455,black,black,103.5 points,True
24608206,katrain-10k,9.73849342635932,iambenbenchen,9.178217232888255,white,white,116.5 points,False
24612060,katrain-weighted,2.432453727684262,rkorea1004,2.8919220814141156,black,white,Resignation,True
24595140,katrain-weighted,5.484947855702206,GoNono,10.098949583942503,black,white,Timeout,True
24595021,katrain-6k,6.896955082622249,walies233,13.334523784932259,black,white,Resignation,False
24599092,katrain-18k,19.697312709483057,Xerses,20.17517079679208,white,black,11.5 points,True
24591859,katrain-18k,20.78781032960726,ophelia-ophelia,18.20124990943573,white,black,73.5 points,True
24608093,katrain-strong,-5.141241560055406,WarrenTang,13.869995241401316,black,white,31.5 points,False
24640606,katrain-2k,0.28040691109960747,신세계,0.23970700705138626,black,black,57.5 points,True
24618954,katrain-weighted,0.9546584769007929,MiguelAngelAntolnez,1.6576704214328934,black,black,61.5 points,True
24617568,katrain-2d,-3.2441178887921396,argen1204,-4.543676552947126,white,black,34.5 points,True
24611863,katrain-weighted,2.7500675001711485,prettman,3.0150095563638253,black,white,6.5 points,True
24600423,katrain-2d,-3.530690172993971,argen1204,-4.606812332347964,white,white,28.5 points,True
24615153,katrain-10k,8.35069357511427,Yogigo65,9.561379453410098,black,white,Resignation,True
24605156,katrain-10k,9.526005319743366,arcadiaks666,6.2625374538541045,white,white,82.5 points,True
24612536,katrain-weighted,2.4423051662018764,rkorea1004,2.6055500495880572,black,white,Resignation,True
24592178,katrain-14k,13.883043979901053,Light1_110,17.676818216454123,black,black,57.5 points,True
24596136,katrain-14k,14.173199634680335,kiđđâ-olmooš,16.891764447608907,black,black,58.5 points,True
24618619,katrain-14k,15.199088492322693,alasala,10.731985838516994,white,black,29.5 points,False
24598138,katrain-weighted,4.721970205628796,jalnanee,1.948012245707524,black,white,Resignation,True
24602032,katrain-18k,19.73588023298776,ophelia-ophelia,21.26633401475374,black,white,12.5 points,True
24615274,katrain-10k,8.35069357511427,atgg33,12.250498824814397,black,white,40.5 points,False
24592006,katrain-14k,14.294102470427347,KKkanbolat,15.438181700504574,black,white,100.5 points,True
24615452,katrain-10k,8.35069357511427,atgg33,12.250498824814397,black,white,Resignation,False
24642516,katrain-2k,0.8094968533102929,tomppadil,4.768187178891981,black,white,Resignation,False
24600388,katrain-2k,-1.1897220115211198,ImuSuji,-3.094395137008391,white,white,84.5 points,False
24612052,katrain-10k,8.421040272798592,tukohan,9.86119910337574,black,white,2.5 points,True
24608582,katrain-2k,-0.1767425833059484,lltspt,0.5052061933362317,black,black,5.5 points,True
24594030,katrain-18k,20.98694000185464,b3rax017,23.992463455884213,black,white,7.5 points,True
24609972,katrain-18k,20.096144739398042,BZSolarDot,28.459213322002334,white,black,Resignation,True
24603010,katrain-weighted,3.5918649896873447,ZenKen*,0.4503752895577122,white,black,26.5 points,True
24593884,katrain-10k,9.466888387084676,jacobusvandermerwe,10.093477081309278,black,black,88.5 points,True
24605689,katrain-weighted,2.467093883015039,920811694,12.250498824814397,black,white,Resignation,False
24570965,katrain-weighted,5.989384375080039,biz20,8.855323463164833,black,white,7.5 points,True
24641973,katrain-18k,20.68919102236416,alasala,10.731985838516994,white,white,8.5 points,False
24611565,katrain-weighted,2.0210952464372802,freebooterish,-2.2759473710138636,white,black,Timeout,True
24618401,katrain-10k,7.112100018751292,FreeStoneGB,9.101226509136556,black,black,5.5 points,True
24609431,katrain-14k,14.146535177113435,Light1_110,15.80139115378351,black,white,34.5 points,True
24593133,katrain-6k,6.938458026211677,tukohan,10.751499911904542,black,white,24.5 points,True
24612460,katrain-weighted,2.1615351944666124,Madman7,3.338611575420625,black,white,Resignation,False
24591543,katrain-10k,9.284987227782072,Colin_Randall,9.272046311266259,white,white,78.5 points,True
24611988,katrain-2k,-0.013453682442019499,a36636,3.4007898193999146,black,black,33.5 points,False
24611648,katrain-6k,6.1995094466565455,pdubbs,7.980986861137101,black,white,Resignation,False
24610306,katrain-10k,8.684991211194443,DRAGON_SUN,12.250498824814397,black,white,126.5 points,True
24602185,katrain-10k,9.155922918364496,mi94712,7.469060520331272,white,black,5.5 points,False
24615257,katrain-10k,8.35069357511427,Fenghuo,12.059921924987382,black,white,24.5 points,True
24610128,katrain-6k,6.483980450755439,pdubbs,7.980986861137101,black,white,Resignation,False
24597058,katrain-18k,21.189205544506613,ophelia-ophelia,19.332679767122293,white,white,35.5 points,True
24603099,katrain-6k,6.075022871820575,anil.zenginoglu,6.3149715181163515,black,black,27.5 points,True
24594342,katrain-weighted,5.1808647657352225,TimPeach,8.978469676018552,white,white,50.5 points,True
24610884,katrain-18k,20.667972437363016,BZSolarDot,28.55507374197607,black,white,234.5 points,True
24594698,katrain-10k,9.141046704209291,jerome78,10.485305124714873,black,black,70.5 points,True
24609166,katrain-14k,14.679496343730131,Light1_110,15.415342009762176,white,black,26.5 points,True
24611313,katrain-2k,-0.013453682442019499,a36636,3.4007898193999146,black,black,23.5 points,False
24595293,katrain-weighted,5.484947855702206,GoNono,10.098949583942503,black,white,49.5 points,True
24594703,katrain-6k,6.517670493854638,cslee8064,7.316034152624358,black,black,41.5 points,True
24603625,katrain-14k,13.417393981549754,LJgo,15.056076407951378,white,black,Resignation,True
24608515,katrain-10k,9.73849342635932,iambenbenchen,9.178217232888255,black,white,14.5 points,False
24616564,katrain-weighted,0.6397279008209793,MiguelAngelAntolnez,1.5824325455947346,black,black,43.5 points,True
24602579,katrain-10k,9.312215136033991,mi94712,7.469060520331272,white,black,9.5 points,False
24595004,katrain-18k,21.46908671178003,hypophis,18.23160763538642,black,black,145.5 points,True
24638464,katrain-2k,-0.0495537330473077,joyjoy1009,2.232792203114954,black,white,12.5 points,True
24599358,katrain-10k,9.784335639280993,Happy20200,15.591356534285975,black,black,15.5 points,True
24570978,katrain-10k,8.480182595434748,Cornfed4,4.3061839627444485,black,white,Resignation,True
24612759,katrain-10k,7.926320999145254,neptix,6.798475199723253,white,white,22.5 points,False
24615944,katrain-local,6.15515813396118,m821056531060,9.721296443747434,black,white,Resignation,True
24610686,katrain-6k,6.483980450755439,pdubbs,7.980986861137101,black,white,9.5 points,False
24591937,katrain-10k,10.011675752163534,tukohan,10.272135598115419,black,white,6.5 points,True
24595950,katrain-14k,14.777767842567961,Onion Lim,13.389379583310252,white,black,Resignation,True
24603488,katrain-18k,20.228344140000143,aysetugan97,18.92937726595789,white,black,24.5 points,False
24598743,katrain-2d,-3.1620390615853253,virgilzhou,-2.1595627590605133,black,white,Resignation,True
24610652,katrain-2k,0.07801555332334686,alasoft,6.841131096246247,black,white,16.5 points,True
24642741,katrain-10k,9.500511398790746,neptix,6.798475199723253,white,white,51.5 points,False
24591911,katrain-18k,20.046198869894923,ophelia-ophelia,18.972994943381746,white,white,6.5 points,True
24639063,katrain-6k,6.654403882329923,cslee8064,3.6383006613668094,white,white,26.5 points,True
24639652,katrain-10k,8.524693739602327,Colin_Randall,10.229004836591002,white,white,100.5 points,True
24600124,katrain-2d,-3.6101016627868177,chocobanana,4.736116006024329,black,white,36.5 points,True
24611114,katrain-2k,0.030770524078921113,a36636,3.4007898193999146,black,black,155.5 points,False
24605417,katrain-weighted,2.7635741381915544,anil.zenginoglu,6.230710775348072,black,white,Resignation,True
24608435,katrain-18k,19.47878155379695,purzelbaum,12.250498824814397,white,white,26.5 points,False
24592252,katrain-weighted,5.280671594378493,黑白无常,6.021559786193826,white,white,32.5 points,True
24609157,katrain-2d,-3.7368966208517165,argen1204,-4.647850753498304,black,white,18.5 points,True
24604698,katrain-10k,9.608295325892989,shusaku,11.96052170207496,black,white,18.5 points,True
24594888,katrain-6k,6.517670493854638,Derrabe,7.906891789339927,black,white,Resignation,False
24594966,katrain-6k,6.896955082622249,cslee8064,5.339547956767884,white,black,9.5 points,True
24614460,katrain-6k,6.400529359191502,walies233,13.334523784932259,black,black,32.5 points,False
24596746,katrain-weighted,4.756585430052031,anil.zenginoglu,5.215443773228838,black,white,Resignation,True
24642588,katrain-14k,15.533862391192304,Tianxia,19.474418973828,black,white,Resignation,False
24609403,katrain-weighted,2.0958072166011625,HowFar,5.042388196158818,black,white,Resignation,True
24611189,katrain-weighted,1.7999581470433128,rkorea1004,2.8777751892170294,black,black,33.5 points,True
24612045,katrain-18k,20.210019589088162,lalalwj,12.250498824814397,black,white,Resignation,False
24594269,katrain-weighted,5.35653444739286,GoNono,10.335611182736269,black,white,Timeout,True
24614619,katrain-10k,8.377702048431932,atgg33,12.250498824814397,white,black,Resignation,False
24613968,katrain-6k,6.400529359191502,walies233,13.334523784932259,black,white,40.5 points,False
24612736,katrain-weighted,2.122131255795189,Madman7,3.338611575420625,black,white,Resignation,True
24596180,katrain-10k,9.777650997153472,dlpigozzi,9.67669705796003,white,white,60.5 points,True
24597588,katrain-2k,-1.433935700132782,네집은내집,12.250498824814397,black,white,Resignation,False
24609322,katrain-14k,14.298302030326498,Light1_110,15.550434671719797,black,white,18.5 points,True
24611423,katrain-6k,6.376333992895997,pdubbs,7.980986861137101,black,white,Resignation,False
24642657,katrain-2k,0.8094968533102929,honggui586,3.826308594858311,black,white,7.5 points,True
24610034,katrain-18k,20.0222979013742,경훈주방가구,12.250498824814397,white,white,162.5 points,True
24610930,katrain-weighted,1.5339443756629265,freebooterish,-2.1316309408653353,white,black,Timeout,True
24596196,katrain-weighted,4.756585430052031,fujiwaranosai2,1.8278372097292461,black,white,Resignation,False
24607744,katrain-weighted,2.62066846970038,Madman7,3.338611575420625,white,black,Resignation,False
24610986,katrain-weighted,1.5339443756629265,skw4240,3.2532293112513884,black,black,57.5 points,True
24642666,katrain-2k,0.8094968533102929,moimême,3.994062271611842,black,white,42.5 points,True
24610347,katrain-14k,14.148461801957444,Light1_110,15.184250396592647,black,black,125.5 points,True
24602236,katrain-6k,6.220575445531747,kasfish,7.912579400274488,white,black,6.5 points,True
24612440,katrain-18k,20.210019589088162,richard08002003,27.14245320735885,white,black,121.5 points,False
24612681,katrain-6k,6.048731140837635,walies233,13.334523784932259,black,white,Resignation,False
24596008,katrain-18k,21.221527307457173,J.R.Owen,18.26584401413991,white,black,49.5 points,True
24609654,katrain-2k,0.12761940283480655,pejrayd,4.863454369365904,black,white,Resignation,False
24596407,katrain-6k,6.722507671230126,walies233,13.334523784932259,black,white,Resignation,False
24598957,katrain-2d,-3.1018293828337065,MynameAlex,5.4337984478558,white,black,Resignation,False
24617921,katrain-2d,-3.543255493558135,argen1204,-4.257349530413883,white,white,34.5 points,True
24611474,katrain-weighted,2.0210952464372802,jin24,5.552217605382932,black,black,50.5 points,True
24594598,katrain-10k,8.741404017639493,dlpigozzi,9.308241516206685,black,black,62.5 points,True
24600216,katrain-local,6.003740299286104,anil.zenginoglu,6.459157801226407,black,black,34.5 points,True
24603121,katrain-10k,9.312215136033991,bretthclarke,16.63494948129707,black,white,69.5 points,False
24602869,katrain-18k,19.643952178489563,bronzson,28.312054462574306,black,white,Timeout,False
24613058,katrain-weighted,1.045325597981897,freebooterish,-2.3158076612402,white,black,5.5 points,True
24601276,katrain-2d,-3.7646935128653567,virgilzhou,-0.553846881485569,black,white,36.5 points,True
24617611,katrain-10k,8.003799320668072,tukohan,9.548806218196518,black,white,Resignation,True
24639876,katrain-2k,-0.13101732925740706,dandan_au,0.21629504811078704,white,white,98.5 points,False
24615681,katrain-10k,7.440961477875188,andyboy315,20.428889909128475,black,white,Resignation,False
24618720,katrain-14k,15.199088492322693,alasala,10.731985838516994,white,black,10.5 points,False
24593021,katrain-14k,14.411276935618384,Light1_110,14.21823303340816,white,white,22.5 points,True
24604584,katrain-2d,-3.7483940448909436,MynameAlex,5.4337984478558,white,black,Resignation,False
24596907,katrain-2d,-3.4036253681581385,argen1204,-3.994183592822125,black,black,53.5 points,True
24600361,katrain-2k,-1.1897220115211198,becycy,3.796570034864093,black,white,Resignation,False
24613166,katrain-18k,20.137446265837664,kogarasu,18.88668289420535,black,black,77.5 points,True
24591752,katrain-2k,-1.7212252305491837,신세계,-1.002776187698469,black,black,35.5 points,True
24600773,katrain-18k,19.212985194602766,AMgonet,18.885416520200113,white,white,60.5 points,True
24594176,katrain-weighted,5.35653444739286,TimPeach,8.866491033923989,black,white,Resignation,False
24611123,katrain-weighted,1.5339443756629265,haerim40c7b18c90d5d442ff,5.158156214526564,black,white,Resignation,True
24614424,katrain-10k,7.912657277552224,tukohan,10.036952772170654,black,black,73.5 points,True
24606902,katrain-2d,-3.804334834458558,argen1204,-4.540152214318212,black,white,26.5 points,True
24598637,katrain-14k,14.77466260610543,anwu,12.250498824814397,black,black,89.5 points,False
24617835,katrain-10k,7.4627677248248325,tukohan,9.808438380735637,black,white,46.5 points,True
24618114,katrain-14k,14.364244894975604,kiđđâ-olmooš,16.79078054852779,black,black,39.5 points,True
24609039,katrain-14k,14.981585511593124,Light1_110,15.029331807378481,white,black,53.5 points,True
24642581,katrain-6k,5.307339357648921,HaoHua,8.351528354360259,black,black,8.5 points,True
24607044,katrain-2k,-0.6903331435589486,lltspt,0.8830787234397981,black,black,63.5 points,True
24605479,katrain-weighted,2.7635741381915544,hyunsan,6.992476868868639,black,white,7.5 points,False
24610674,katrain-10k,8.621665317407274,Jeff Sessions,8.9760652501475,black,white,Resignation,False
24612962,katrain-weighted,1.5126062355106988,peiyongz,-1.3714705834241947,white,black,1.5 points,True
24610028,katrain-2d,-3.722762628207768,argen1204,-4.402807729316365,white,black,Timeout,True
24612163,katrain-weighted,2.5573458453031748,peiyongz,-1.7975237811200593,white,black,Resignation,True
24591629,katrain-18k,20.168121451785723,Light1_110,12.250498824814397,black,black,35.5 points,True
24616708,katrain-18k,20.715095234252793,ophelia-ophelia,20.515840625149032,black,black,40.5 points,True
24615725,katrain-6k,6.1815773251269555,bloodscar,12.443864891477642,white,white,14.5 points,True
24611711,katrain-6k,6.1995094466565455,pdubbs,7.980986861137101,black,black,5.5 points,False
24641625,katrain-6k,5.878180057200957,MetroidDreams,8.66152903980764,black,white,Resignation,True
24593034,katrain-18k,20.74363921630882,pedrado,12.250498824814397,black,black,77.5 points,True
24608927,katrain-14k,14.981585511593124,freeyoshua,20.013481338102572,black,white,8.5 points,True
24609209,katrain-14k,14.55386981755678,Alberto Fernandez,7.824066355718411,white,white,38.5 points,True
24602137,katrain-10k,9.155922918364496,shusaku,11.837426419342343,black,white,34.5 points,True
24641622,katrain-2k,0.8094968533102929,tomppadil,4.768187178891981,black,white,Resignation,False
24602184,katrain-weighted,3.755343658587517,anil.zenginoglu,6.082278043125253,black,white,Resignation,True
24571355,katrain-weighted,5.665175034776809,tsstaff,5.184752299023877,black,white,Timeout,True
24591281,katrain-10k,8.482525837350334,smoothermate,8.673041019732924,white,white,46.5 points,False
24601133,katrain-local,5.880248305248909,anil.zenginoglu,6.452946849030063,black,black,139.5 points,True
24605460,katrain-weighted,2.7635741381915544,stw2136,-3.7028841483259,white,white,194.5 points,False
24608276,katrain-10k,9.73849342635932,mi94712,7.469060520331272,white,white,10.5 points,False
24607399,katrain-10k,9.73849342635932,mi94712,7.469060520331272,white,black,53.5 points,False
24594728,katrain-6k,6.517670493854638,GoNono,10.56546557076907,black,white,Timeout,True
24599501,katrain-2d,-3.4969537447309165,virgilzhou,-1.4762019870689151,black,white,Resignation,True
24595731,katrain-local,6.4388799573001805,SoylentGreen,7.878297356541445,black,white,10.5 points,False
24640828,katrain-18k,20.295732284159683,ophelia-ophelia,19.774106470790443,black,black,19.5 points,True
24597162,katrain-18k,21.530368068228352,ophelia-ophelia,18.831508837345655,white,black,165.5 points,True
24640799,katrain-2k,0.452505042455023,신세계,-0.0550195002817091,black,black,27.5 points,True
24613231,katrain-18k,20.137446265837664,바둑샘,10.734787790679906,black,white,19.5 points,False
24613237,katrain-weighted,0.1847169241199147,peiyongz,-0.43870918418251037,black,white,8.5 points,True
24602017,katrain-10k,9.666806683834192,shusaku,11.143632887662516,black,white,Resignation,True
24599687,katrain-6k,6.314332303006321,walies233,13.334523784932259,black,white,Resignation,False
24602666,katrain-18k,18.962460370750392,Rudolf L,23.08652732362287,black,black,46.5 points,True
24597597,katrain-local,6.110671101787972,shashwat,8.078975317878292,black,white,Resignation,False
24615878,katrain-10k,7.882353982662664,iambenbenchen,9.178217232888255,black,black,149.5 points,False
24600794,katrain-6k,6.314332303006321,walies233,13.334523784932259,black,white,Resignation,False
24594892,katrain-6k,6.517670493854638,walies233,13.334523784932259,black,white,Resignation,False
24604341,katrain-14k,13.449603696534407,happyguyme,17.251550949649683,black,black,85.5 points,True
24594129,katrain-weighted,5.35653444739286,TimPeach,8.866491033923989,black,white,Resignation,False
24616616,katrain-weighted,0.531794573929826,이영택,12.250498824814397,white,white,66.5 points,False
24617994,katrain-10k,7.248655543144885,arcadiaks666,6.239493565924821,white,white,77.5 points,True
24613990,katrain-10k,8.287554235829017,jacobusvandermerwe,10.145665946333576,black,white,8.5 points,True
24611104,katrain-2d,-3.4846871370222487,virgilzhou,-0.5652165734740251,black,white,10.5 points,True
24597014,katrain-weighted,4.399762973748437,a2d5f5dd5c854226,10.785581701559405,white,black,14.5 points,False
24604571,katrain-10k,9.842868951184673,Tars38,12.308091131698138,black,white,Resignation,False
24608332,katrain-10k,9.73849342635932,Gogo082015,14.254544736838385,black,black,9.5 points,False
24608756,katrain-2k,-0.1767425833059484,gssorgy,0.026870688819879973,black,white,Timeout,True
24604978,katrain-2d,-3.7483940448909436,argen1204,-4.832101533920991,white,black,Timeout,True
24596955,katrain-14k,14.010532150277731,Light1_110,16.095245903859222,black,black,109.5 points,True
24640209,katrain-18k,21.535212765288776,ophelia-ophelia,19.054433804227433,white,black,89.5 points,True
24592789,katrain-18k,20.58352664532314,clementbracus,10.403639778738764,white,white,50.5 points,False
24592872,katrain-18k,20.58352664532314,FredrikSchirén,15.770020634876067,white,white,50.5 points,True
24604788,katrain-14k,14.408285631336623,LJgo,13.910830827872786,white,white,34.5 points,True
24615488,katrain-10k,8.140860714950499,Go_Rage,10.809143804088016,black,black,34.5 points,True
24615745,katrain-10k,7.882353982662664,iambenbenchen,9.178217232888255,black,black,33.5 points,False
24614780,katrain-10k,8.377702048431932,atgg33,12.250498824814397,black,white,Resignation,False
24640380,katrain-2k,0.12547496767252753,신세계,0.36129306431626773,white,white,28.5 points,True
24593715,katrain-14k,14.306899883016646,Light1_110,15.741808255135705,black,white,50.5 points,True
24616879,katrain-18k,21.10517049568476,kogarasu,19.197425511007104,black,black,29.5 points,True
24610201,katrain-6k,6.483980450755439,pdubbs,7.980986861137101,black,white,Resignation,False
24617447,katrain-weighted,0.7408894511536914,a36636,3.4007898193999146,black,black,163.5 points,False
24640660,katrain-6k,6.385941329816479,cslee8064,3.39045934688167,white,white,94.5 points,True
24591457,katrain-10k,9.284987227782072,jacobusvandermerwe,9.616237685554431,black,white,Resignation,True
24615772,katrain-18k,20.96039861372019,fpdlwld,12.250498824814397,white,white,122.5 points,True
24599591,katrain-10k,10.07704571940728,gebe,11.321036816339724,black,black,100.5 points,True
24610330,katrain-6k,6.483980450755439,pdubbs,7.980986861137101,black,white,Resignation,False
24614488,katrain-weighted,0.8807478209686046,stw2136,-3.7028841483259,white,white,231.5 points,False
24600618,katrain-18k,19.51827044513535,Gliss,18.167426699715456,white,black,Timeout,False
24618019,katrain-weighted,1.025594568629522,huangly,7.819389586254676,black,white,Resignation,False
24615362,katrain-2d,-3.673213421336584,rladbrma7777,-2.1120359664635657,black,white,Resignation,False
24613492,katrain-18k,20.137446265837664,바둑샘,10.734787790679906,black,white,Resignation,False
24597043,katrain-2k,-1.6359581320767695,virgilzhou,-1.9549748526002304,black,black,89.5 points,True
24599630,katrain-18k,19.28535736637484,Xerses,20.37711585050623,black,white,84.5 points,True
24598273,katrain-2d,-3.090472931551659,virgilzhou,-2.1331925127275397,black,white,Resignation,True
24613088,katrain-6k,6.400529359191502,walies233,13.334523784932259,black,white,Resignation,False
24618708,katrain-18k,22.714843609506083,LeZr0,12.250498824814397,black,black,79.5 points,False
24609156,katrain-6k,6.350236111610151,shuochenhuang93,8.067054674765203,black,white,Resignation,True
24608023,katrain-18k,19.783575491344394,BZSolarDot,26.89775055838149,black,white,Timeout,True
24608354,katrain-local,6.577460080848329,anil.zenginoglu,6.194411940297339,black,white,36.5 points,True
24607892,katrain-weighted,2.5659351093949816,peiyongz,-2.0865191618389716,white,black,Resignation,True
24613600,katrain-10k,7.606346105097035,jacobusvandermerwe,10.213748770585621,black,black,13.5 points,True
24605039,katrain-14k,15.045948781330631,LJgo,13.41040903459955,white,white,3.5 points,True
24615235,katrain-10k,8.35069357511427,Go_Rage,10.724236491366614,black,white,Resignation,True
24594786,katrain-6k,6.517670493854638,walies233,13.334523784932259,black,white,Resignation,False
24611880,katrain-10k,8.421040272798592,kprobert,6.188480421382057,white,black,Resignation,True
24619164,katrain-18k,22.117508612203295,alasala,10.731985838516994,white,black,33.5 points,False
24616620,katrain-weighted,0.4285647968358255,prettman,4.098654536028224,black,white,Resignation,True
24638667,katrain-10k,8.271456064398837,jacobusvandermerwe,9.250275226303721,black,black,87.5 points,True
24609905,katrain-18k,20.26448811850969,BZSolarDot,28.076539832191486,white,black,57.5 points,True
24639438,katrain-2k,0.06559206359524339,moimême,2.5888887378559673,black,white,37.5 points,True
24601302,katrain-6k,6.314332303006321,Wladimir,9.541419983293906,black,white,60.5 points,True
24594192,katrain-14k,14.62915894150248,Light1_110,15.823440113512442,white,black,1.5 points,True
24607106,katrain-local,6.2781765768070485,anil.zenginoglu,6.461207065172442,white,white,26.5 points,True
24598237,katrain-2k,-1.5473580052937486,네집은내집,12.250498824814397,white,black,76.5 points,False
24599712,katrain-10k,10.053744480295606,dlpigozzi,10.121014495245877,black,black,83.5 points,True
24615323,katrain-18k,20.981278628314293,KKkanbolat,15.18956059739748,white,white,38.5 points,True
24602034,katrain-weighted,3.755343658587517,becycy,3.796570034864093,white,black,Resignation,False
24615718,katrain-local,6.3307084400263065,m821056531060,9.545310983309783,black,white,Resignation,True
24618034,katrain-weighted,1.025594568629522,moimême,2.555879867424199,black,black,65.5 points,True
24599084,katrain-18k,19.697312709483057,martianswaraj,22.037837432132186,black,white,Resignation,False
24612705,katrain-weighted,2.122131255795189,pablo.tezkatl,8.208077296105692,black,white,Timeout,True
24592717,katrain-weighted,5.8090766126572895,Kwarktaart,6.8341990612107395,black,white,Resignation,True
24610360,katrain-6k,6.483980450755439,pdubbs,7.980986861137101,black,white,Resignation,False
24592555,katrain-10k,9.912998117584625,Fenghuo,11.710274192853976,black,black,75.5 points,True
24608742,katrain-10k,9.73849342635932,shusaku,11.846539853685357,black,white,Resignation,False
24599116,katrain-2d,-3.2411685182831036,virgilzhou,-1.858711957317265,black,white,Resignation,True
24601510,katrain-2d,-3.8316450099867865,virgilzhou,-0.47779298874535314,black,white,Resignation,True
24617716,katrain-10k,7.70900397842324,tukohan,9.707541771957697,black,white,24.5 points,True
24609949,katrain-weighted,1.5267667178611966,Peter Han,-4.49110207607265,white,black,Timeout,True
24608170,katrain-10k,9.73849342635932,mi94712,7.469060520331272,white,black,3.5 points,False
24592085,katrain-6k,7.246585811079957,tukohan,10.525248960338072,black,white,Resignation,True
24610570,katrain-weighted,1.5339443756629265,rnd55,1.7153110228052242,black,black,170.5 points,False
24613272,katrain-18k,20.137446265837664,lalalwj,12.250498824814397,black,white,Timeout,False
24592005,katrain-14k,14.294102470427347,Light1_110,15.876836984000875,white,black,55.5 points,True
24595141,katrain-local,6.644206266202509,shashwat,8.078975317878292,black,white,38.5 points,False
24617263,katrain-10k,7.651125563717386,tukohan,9.315908706730635,black,white,86.5 points,True
24599369,katrain-10k,9.784335639280993,Delan,13.723035285473042,black,white,8.5 points,True
24604065,katrain-14k,13.343720195846814,MasterKota,21.01140182394544,black,white,Resignation,False
24592542,katrain-2k,-1.2193391903211506,신세계,-1.3857515518906958,black,black,33.5 points,True
24606158,katrain-weighted,2.467093883015039,Peter Han,-4.49110207607265,white,black,Timeout,True
24612061,katrain-10k,8.421040272798592,jia__0303,18.054354444715564,black,black,107.5 points,False
24615711,katrain-2k,-0.1739081163779801,신세계,-0.93414239081633,white,white,78.5 points,True
24597987,katrain-weighted,4.721970205628796,Jaafar,6.179311422066764,black,white,Resignation,True
24610610,katrain-2d,-3.7415852697922816,virgilzhou,-0.3482269713071382,black,black,15.5 points,True
24606318,katrain-local,5.789170745377632,AlanAlan2056,9.397851283530354,black,black,65.5 points,True
24608401,katrain-10k,9.73849342635932,mi94712,7.469060520331272,white,black,3.5 points,False
24599346,katrain-2d,-3.405351986704595,virgilzhou,-1.6664920602670534,black,white,Resignation,True
24615146,katrain-10k,8.35069357511427,atgg33,12.250498824814397,black,white,Resignation,False
24612877,katrain-weighted,1.6982444296659018,moimême,3.1782111463783593,black,white,Resignation,True
24593931,katrain-2k,-1.0577166788372239,alor,-0.7784167136667577,black,white,10.5 points,True
24597763,katrain-2d,-3.246699794812713,argen1204,-4.085089192742906,black,black,43.5 points,True
24608602,katrain-10k,9.73849342635932,Gogo082015,14.254544736838385,black,black,31.5 points,False
24614635,katrain-weighted,0.7538007193638698,skw4240,3.999354949341356,black,white,Resignation,True
24601077,katrain-18k,19.38244615528661,bronzson,29.45775429424008,black,black,47.5 points,True
24596974,katrain-18k,21.189205544506613,Frizzolini,26.140854096174717,black,white,Timeout,True
24604181,katrain-18k,19.331373161532493,Rudolf L,23.725154443191244,black,black,63.5 points,True
24613470,katrain-10k,7.802595381482071,Go_Rage,11.285069802052217,black,black,49.5 points,True
24619145,katrain-6k,6.8101538414968985,王方WF,12.12609775461382,black,white,4.5 points,True
24607935,katrain-18k,19.786251449651026,BZSolarDot,26.94463817113769,black,white,Timeout,True
24608062,katrain-10k,9.73849342635932,iambenbenchen,9.178217232888255,black,black,57.5 points,False
24591729,katrain-6k,7.246585811079957,Muzungu,9.238966369411784,black,white,Resignation,False
24611727,katrain-weighted,2.5495238174114263,stw2136,-3.7028841483259,white,white,198.5 points,False
24640818,katrain-10k,9.232489875775535,dlpigozzi,9.792025570024197,white,white,16.5 points,True
24596477,katrain-14k,14.59292346697865,kiđđâ-olmooš,16.27392331311065,black,white,Resignation,True
24609961,katrain-6k,6.483980450755439,pdubbs,7.980986861137101,black,white,5.5 points,False
24595812,katrain-18k,21.747026131879636,ophelia-ophelia,18.418380751145307,white,black,71.5 points,True
24614883,katrain-18k,21.51486915579947,바둑샘,10.734787790679906,black,white,Timeout,False
24617177,katrain-10k,7.651125563717386,Fenghuo,12.399366976451127,black,black,5.5 points,True
24595975,katrain-10k,9.777650997153472,Sean99,6.073625874195084,white,white,36.5 points,False
24614225,katrain-2d,-3.63930447792621,higcdde,5.293135454212404,black,white,Resignation,True
24610486,katrain-2k,0.12761940283480655,alasoft,6.8128524248643565,black,white,Resignation,True
24612810,katrain-weighted,1.7642150106845662,skw4240,3.226665116923815,black,white,Resignation,True
24606662,katrain-2d,-4.008666409839421,ZeyuQiu,-3.68743495695918,black,black,53.5 points,True
24604552,katrain-weighted,3.0285039034370342,davidlooogan,7.190306140099818,black,white,Resignation,True
24605728,katrain-weighted,2.467093883015039,hyunsan,6.992476868868639,black,black,133.5 points,False
24603878,katrain-2d,-3.895179695614573,argen1204,-4.706194768476109,black,black,47.5 points,True
24606003,katrain-weighted,2.467093883015039,Jaafar,6.382310866475745,black,black,173.5 points,True
24611359,katrain-6k,6.376333992895997,Pita,7.707103021268214,black,white,20.5 points,True
24640749,katrain-10k,9.22286072402575,GoNono,10.33054726929613,black,black,39.5 points,True
24602341,katrain-10k,9.312215136033991,mi94712,7.469060520331272,white,black,11.5 points,False
24591756,katrain-10k,9.361584494503095,jacobusvandermerwe,9.540625087754073,black,black,74.5 points,True
24615644,katrain-10k,7.750762148826475,atgg33,12.250498824814397,black,white,24.5 points,False
24615414,katrain-18k,20.981278628314293,nelix904,23.96048479551004,black,white,23.5 points,True
24592015,katrain-local,9.313454029988325,Colin_Randall,8.942633331732363,black,white,Resignation,True
24617319,katrain-10k,7.651125563717386,voidi,12.250498824814397,black,black,43.5 points,False
24595667,katrain-local,6.4388799573001805,dlpigozzi,9.308745128926951,black,white,Resignation,True
24592805,katrain-6k,7.0526157983642435,tukohan,10.616821576406615,black,white,56.5 points,True
24591781,katrain-weighted,5.670997150805967,skybaduk,7.3535671598577075,black,white,1.5 points,True
24599510,katrain-weighted,3.716530652233107,花林渡,5.7133273630913095,black,white,Resignation,True
24604899,katrain-14k,14.727272083676343,LJgo,13.637423198284267,white,white,48.5 points,True
24609849,katrain-2d,-3.722762628207768,rladbrma7777,-2.1120359664635657,black,white,Resignation,False
24608157,katrain-10k,9.73849342635932,Gogo082015,14.254544736838385,black,white,366.5 points,False
24598756,katrain-14k,14.77466260610543,scorday,9.139629182953527,black,black,36.5 points,False
24641890,katrain-10k,9.825960797991595,krupuk,9.370352270051114,black,white,Resignation,True
24600907,katrain-18k,19.212985194602766,gattornosandro,12.561258772458586,white,white,74.5 points,True
24614806,katrain-14k,13.695911001628154,kakuna17,17.42760766747242,black,white,Resignation,False
24640117,katrain-2k,-0.13101732925740706,신세계,0.7298193786436116,white,white,38.5 points,True
24613016,katrain-weighted,1.045325597981897,CalmTilt,3.136420691918623,white,black,Resignation,True
24600825,katrain-local,6.261487801411569,anil.zenginoglu,6.095871080606862,white,black,Resignation,True
24592554,katrain-local,6.627893059994658,Derrabe,7.906891789339927,black,white,75.5 points,False
24607651,katrain-weighted,2.62066846970038,Madman7,3.338611575420625,black,white,Resignation,False
24607888,katrain-10k,9.73849342635932,mi94712,7.469060520331272,white,white,56.5 points,False
24608194,katrain-18k,19.404692128658155,BZSolarDot,27.125611420432215,black,white,117.5 points,True
24615285,katrain-14k,13.695911001628154,Light1_110,15.151492285159996,black,white,24.5 points,True
24603943,katrain-weighted,3.228052118714391,yjohn,20.045165885581746,black,white,34.5 points,False
24639801,katrain-18k,22.117508612203295,pappas,7.128743656983765,black,white,10.5 points,False
24606738,katrain-weighted,2.964021951262403,f.s.museau,4.5880123815916996,black,white,48.5 points,True
24593044,katrain-weighted,5.325531650557352,heejoonpark,7.681180167467158,white,black,Timeout,True
24599217,katrain-weighted,3.942141727220548,tim2019,1.5569520213614751,white,white,60.5 points,True
24640153,katrain-14k,15.199088492322693,GoNono,10.303828215442675,white,white,57.5 points,True
24613145,katrain-weighted,0.7816553428674489,peiyongz,-0.8328002170465751,white,black,7.5 points,True
24609379,katrain-weighted,2.0958072166011625,skw4240,2.7983247371689153,black,white,11.5 points,True
24603621,katrain-weighted,3.228052118714391,yjohn,20.045165885581746,black,white,11.5 points,False
24608285,katrain-18k,19.654299247908575,BZSolarDot,27.406692734404274,black,white,43.5 points,True
24611420,katrain-strong,-5.141241560055406,virgilzhou,-0.39175953659516694,black,white,Resignation,True
24609693,katrain-weighted,1.3690715004223328,Madman7,3.338611575420625,black,white,Resignation,False
24617362,katrain-2d,-3.4211103791243573,argen1204,-4.524352709615506,white,white,32.5 points,True
24592922,katrain-18k,20.58352664532314,Light1_110,14.641962979648511,white,white,28.5 points,True
24605193,katrain-2d,-3.7483940448909436,MynameAlex,5.4337984478558,black,white,Resignation,False
24612335,katrain-6k,6.048731140837635,walies233,13.334523784932259,black,white,Resignation,False
24640614,katrain-2k,0.28040691109960747,tomppadil,4.768187178891981,black,white,Resignation,False
24615471,katrain-2d,-3.673213421336584,rladbrma7777,-2.1120359664635657,black,white,65.5 points,False
24599673,katrain-2d,-3.3628954193716822,virgilzhou,-1.2825170489317372,black,white,22.5 points,True
24594053,katrain-weighted,5.35653444739286,TimPeach,8.866491033923989,black,white,Resignation,False
24601483,katrain-10k,9.666806683834192,mi94712,7.469060520331272,white,white,24.5 points,False
24610409,katrain-weighted,1.5339443756629265,rnd55,1.7153110228052242,black,white,41.5 points,False
24599731,katrain-2k,-1.530269256549328,chocobanana,5.432099143652444,black,white,Resignation,True
24593736,katrain-weighted,5.35653444739286,TimPeach,8.866491033923989,black,white,Resignation,False
24639891,katrain-10k,8.524693739602327,tukohan,11.580485353688577,black,black,101.5 points,True
24611121,katrain-10k,8.862614311988118,kprobert,5.7593123557943215,white,black,Resignation,True
24615532,katrain-6k,6.400529359191502,bloodscar,12.204621311778943,white,black,Resignation,True
24595598,katrain-local,6.644206266202509,SoylentGreen,7.878297356541445,black,white,Resignation,False
24606772,katrain-18k,19.8698597909604,lustboy,12.250498824814397,white,black,Resignation,False
24618366,katrain-weighted,1.1689880269635715,pairstravel,3.069388981932093,black,white,Resignation,True
24613743,katrain-18k,20.63027373830719,ophelia-ophelia,21.102176582239558,white,white,46.5 points,True
24608139,katrain-18k,19.574282841007054,BZSolarDot,27.025847721459247,white,black,39.5 points,True
24597514,katrain-18k,19.709077314566258,ophelia-ophelia,20.201669558455492,white,black,13.5 points,True
24597161,katrain-14k,14.49741441804747,Light1_110,15.339516911327099,black,black,13.5 points,True
24642788,katrain-2k,0.5088895917096821,moimême,4.210586468236642,black,white,Resignation,True
24618442,katrain-10k,7.112100018751292,Fenghuo,11.690704987262496,black,black,123.5 points,True
24595105,katrain-2k,-1.7648263159533357,alor,-0.2990348608660085,black,white,Resignation,True
24608110,katrain-weighted,2.2350987792028896,rkorea1004,3.7567850506513736,black,white,Resignation,True
24595934,katrain-10k,9.777650997153472,jacobusvandermerwe,9.672322207128271,black,white,26.5 points,True
24603685,katrain-18k,20.228344140000143,Rudolf L,22.66430575703162,black,white,28.5 points,True
24603079,katrain-local,6.283338033645176,grey_sheep,13.538223929647376,white,black,Resignation,False
24609031,katrain-18k,19.47878155379695,FFBB,12.250498824814397,black,black,123.5 points,False
24595881,katrain-local,6.315392210942651,dlpigozzi,9.486123554726916,white,black,51.5 points,True
24639134,katrain-10k,8.416304681070063,mpizzzle,11.69528309854369,black,white,Resignation,False
24599811,katrain-10k,9.686344257581709,Lagrangian,12.92164977563699,black,white,Resignation,True
24639226,katrain-10k,8.416304681070063,jacobusvandermerwe,9.093077325476951,black,white,29.5 points,True
24594431,katrain-10k,8.741404017639493,krupuk,9.329462413627553,white,white,58.5 points,True
24615458,katrain-10k,8.35069357511427,iambenbenchen,9.178217232888255,black,white,Resignation,False
24596784,katrain-weighted,4.756585430052031,tsstaff,5.545228839285251,black,white,Timeout,True
24612612,katrain-6k,6.048731140837635,walies233,13.334523784932259,black,white,Resignation,False
24639712,katrain-18k,22.117508612203295,wilebski,21.146183522651718,black,white,Resignation,True
24613176,katrain-weighted,0.7816553428674489,moimême,3.0182073105254226,black,black,62.5 points,True
24615767,katrain-weighted,0.6397279008209793,tomppadil,4.768187178891981,black,white,Resignation,False
24607084,katrain-weighted,2.8154954314269993,Jaafar,5.864440841691504,black,white,Resignation,True
24610065,katrain-6k,6.483980450755439,pdubbs,7.980986861137101,black,white,Resignation,False
24591850,katrain-14k,14.85143735781021,Light1_110,10.993418531774669,black,white,96.5 points,True
24607189,katrain-18k,19.096708599252935,BZSolarDot,26.469166722173078,white,black,55.5 points,True
24603115,katrain-14k,13.964786238845132,LJgo,14.649770448116378,white,black,Resignation,True
24596685,katrain-18k,21.189205544506613,RainerGrass,19.007112806980196,white,black,Timeout,True
24599944,katrain-2k,-1.572279587559585,chocobanana,5.549395507528391,black,black,27.5 points,True
24604253,katrain-18k,18.959331849290606,aysetugan97,18.92937726595789,black,white,3.5 points,False
24602818,katrain-18k,19.643952178489563,Rudolf L,22.589026698393724,black,black,44.5 points,True
24603759,katrain-18k,20.228344140000143,aysetugan97,18.92937726595789,white,black,116.5 points,False
24594721,katrain-18k,20.784120498246438,hypophis,18.766166912946336,white,white,70.5 points,True
24604613,katrain-14k,13.489900717254887,LJgo,14.142473622449783,white,white,14.5 points,True
24612087,katrain-weighted,2.432453727684262,yusuke tsujimoto,9.177030821738285,black,black,14.5 points,True
24616601,katrain-2k,-0.27509158727082195,zenolim,4.66413533810935,black,white,Timeout,False
24606607,katrain-weighted,2.964021951262403,Isaac2927,1.0094578384028416,white,white,15.5 points,True
24641901,katrain-18k,20.68919102236416,Tianxia,19.474418973828,white,white,32.5 points,False
24616884,katrain-18k,21.10517049568476,AJGibson,22.738883465856222,black,black,26.5 points,True
24592320,katrain-strong,-5.141241560055406,wlstnzp,-8.083846423290716,black,black,17.5 points,False
24613483,katrain-18k,20.137446265837664,lalalwj,12.250498824814397,white,black,Timeout,False
24641075,katrain-18k,20.68919102236416,pappas,7.128743656983765,black,white,8.5 points,False
24601924,katrain-10k,9.666806683834192,mi94712,7.469060520331272,white,black,23.5 points,False
24611168,katrain-weighted,1.7999581470433128,skw4240,2.9270892060641707,black,black,93.5 points,True
24617964,katrain-6k,7.158628366347376,HaoHua,7.486439829559789,black,white,23.5 points,True
24609492,katrain-local,6.3358834843155805,brian kim,1.0689167942100184,white,white,142.5 points,True
24611268,katrain-weighted,2.0619099127171587,skw4240,2.6959305897045525,black,white,Resignation,True
24599252,katrain-weighted,3.942141727220548,Ratm,7.653122765598223,black,white,56.5 points,False
24638946,katrain-10k,8.590921984714491,tukohan,11.310985452480725,black,white,32.5 points,True
24601277,katrain-10k,9.666806683834192,mi94712,7.469060520331272,white,black,59.5 points,False
24606955,katrain-18k,19.71418680803743,BZSolarDot,25.764328152944696,white,black,61.5 points,True
24608166,katrain-weighted,2.2350987792028896,notjustmail,12.250498824814397,black,white,Resignation,False
24614801,katrain-weighted,0.6397279008209793,stw2136,-3.7028841483259,white,white,220.5 points,False
24612526,katrain-6k,6.048731140837635,walies233,13.334523784932259,black,white,Resignation,False
24618033,katrain-2d,-3.543255493558135,khhv,12.250498824814397,white,black,34.5 points,False
24613153,katrain-10k,7.802595381482071,Alberto Fernandez,10.977344061620798,black,black,41.5 points,True
24597186,katrain-weighted,4.41198690652444,a2d5f5dd5c854226,10.785581701559405,black,white,18.5 points,False
24603176,katrain-18k,20.228344140000143,aysetugan97,18.92937726595789,white,white,113.5 points,False
24596761,katrain-2k,-1.9122864370867667,virgilzhou,-1.729510701423095,black,black,25.5 points,True
24604119,katrain-10k,9.312215136033991,tukohan,9.931907913492864,black,black,87.5 points,True
24598168,katrain-18k,18.70428999074077,Xerses,21.046835236545427,black,black,93.5 points,True
24596123,katrain-2d,-3.6232561274547095,argen1204,-3.76631871395724,black,black,4.5 points,True
24616030,katrain-2k,0.03302211647432074,신세계,-1.0665818805019533,white,black,15.5 points,True
24594805,katrain-weighted,5.153989089124252,ifujita,-1.3819676786099429,white,black,1.5 points,True
24639042,katrain-18k,22.117508612203295,alasala,10.731985838516994,white,white,18.5 points,False
24607760,katrain-10k,9.73849342635932,mi94712,7.469060520331272,white,black,37.5 points,False
24640296,katrain-18k,21.02508937021859,ophelia-ophelia,19.43594381715412,white,black,83.5 points,True
24612582,katrain-weighted,2.350657627847845,pablo.tezkatl,8.1323594046494,black,white,Resignation,True
24599031,katrain-weighted,3.942141727220548,HowToPlay?,0.1348758757780999,white,black,Resignation,False
24598942,katrain-2d,-3.3455062850560253,virgilzhou,-1.9952561842617165,black,white,Resignation,True
24615058,katrain-2k,-0.1739081163779801,a36636,3.4007898193999146,black,black,53.5 points,False
24595049,katrain-local,6.644206266202509,shashwat,8.078975317878292,black,white,Resignation,False
24641770,katrain-18k,20.68919102236416,alasala,10.731985838516994,white,black,31.5 points,False
24604139,katrain-18k,19.51522696090435,soccerbaseball,19.14797152021029,white,black,5.5 points,True
24612763,katrain-2k,-0.1739081163779801,a36636,3.4007898193999146,black,white,Resignation,False
24613299,katrain-10k,7.802595381482071,Derrabe,7.906891789339927,white,white,26.5 points,False
24600383,katrain-10k,10.133381366765168,heavenlyalchemy,6.376849377183309,white,black,Resignation,True
24614118,katrain-2d,-3.6231355401909937,higcdde,5.262278867522106,black,white,Resignation,True
24608107,katrain-weighted,2.2350987792028896,Madman7,3.338611575420625,black,white,Timeout,False
24609601,katrain-weighted,1.5756705415120962,tsellon,3.0145046028212192,black,white,2.5 points,True
24607496,katrain-weighted,2.550351685247069,peiyongz,-1.9243783015665805,white,white,36.5 points,True
24599201,katrain-2d,-3.33243926501644,virgilzhou,-1.701648996652711,black,white,Resignation,True
24642608,katrain-6k,5.307339357648921,tsstaff,6.489219835209177,black,black,31.5 points,True
24618354,katrain-10k,7.112100018751292,cslee8064,6.011243253032635,white,white,48.5 points,True
24602757,katrain-2d,-3.8128725654533184,argen1204,-4.679720217986045,black,white,6.5 points,True
24613388,katrain-10k,7.802595381482071,jacobusvandermerwe,10.180881448014322,black,white,Resignation,True
24618095,katrain-10k,7.248655543144885,FreeStoneGB,8.84590179350366,black,white,16.5 points,True
24571372,katrain-6k,6.995168956220812,biz20,9.079555395086821,black,black,10.5 points,True
24605821,katrain-6k,6.350236111610151,Jeff Sessions,8.9760652501475,black,white,Resignation,False
24591791,katrain-6k,7.246585811079957,Vit27,8.708253683845058,black,white,33.5 points,False
24616109,katrain-10k,8.172679933518445,bledsox,8.596300863540762,white,black,7.5 points,True
24617645,katrain-weighted,0.7408894511536914,a36636,3.4007898193999146,black,black,29.5 points,False
24603774,katrain-14k,12.953407987232517,LJgo,15.191900501894256,white,white,62.5 points,True
24609248,katrain-6k,6.185272936495089,shuochenhuang93,8.16876735479789,black,black,38.5 points,True
24611188,katrain-14k,14.561203017734806,freeyoshua,20.290231714841838,black,white,54.5 points,True
24617996,katrain-weighted,1.025594568629522,Jaafar,6.186946473907167,black,white,Resignation,True
24592933,katrain-2d,-3.3235242667182803,lincoln1997www,-2.934200331976605,white,white,40 points,False
24610924,katrain-18k,20.667972437363016,Cruz,12.250498824814397,white,black,Resignation,False
24612198,katrain-18k,20.210019589088162,richard08002003,27.14245320735885,white,black,117.5 points,False
24594710,katrain-2k,-1.5728280780561406,alor,-0.49841887463126255,white,black,11.5 points,True
24593429,katrain-10k,9.93416789822411,jacobusvandermerwe,9.781602193929853,black,white,Resignation,True
24600046,katrain-2d,-3.4959717706442888,argen1204,-4.287631626374122,white,black,Timeout,True
24592325,katrain-14k,14.347252345407584,Light1_110,14.740473798592237,black,white,82.5 points,True
24592206,katrain-2k,-1.7789434695400494,dddd001,3.103325454839368,white,white,19.5 points,True
24606916,katrain-weighted,2.9411790747439,f.s.museau,5.205648746056529,black,white,42.5 points,True
24599328,katrain-2k,-1.5473580052937486,lltspt,1.2378637854364207,black,white,Timeout,True
24593664,katrain-10k,9.655105352193829,jacobusvandermerwe,9.961371148026878,black,white,Resignation,True
24616731,katrain-weighted,0.2536894024408731,prettman,4.288588196036443,black,black,89.5 points,True
24591492,katrain-18k,20.168121451785723,林承睿,17.317647502677435,black,black,81 points,False
24615739,katrain-2k,-0.1739081163779801,yichen010396,9.480259377262701,black,white,Resignation,False
24608136,katrain-strong,-5.141241560055406,kata-bot-test,-7.803132078502074,white,white,88.5 points,False
24594409,katrain-weighted,5.1808647657352225,GoNono,10.335611182736269,black,white,14.5 points,True
24602769,katrain-18k,18.962460370750392,GoNono,10.820429256645497,white,white,168.5 points,True
24596565,katrain-2k,-1.9122864370867667,spacezero,1.5714919495988582,white,white,22.5 points,False
24596049,katrain-18k,21.221527307457173,DaveOTN,23.2031081111762,black,black,57.5 points,True
24641023,katrain-2k,0.5447499354551262,신세계,-0.29636329133863626,black,black,17.5 points,True
24612255,katrain-2k,-0.1739081163779801,a36636,3.4007898193999146,black,black,17.5 points,False
24607102,katrain-18k,19.31356230849196,BZSolarDot,26.26480630198352,white,black,135.5 points,True
